{"accuracy": 0.866668188458729, "average precision score": 0.8183336102655987, "classification report": "              precision    recall  f1-score   support\n\n           0       0.86      0.87      0.87     21914\n           1       0.87      0.86      0.87     21894\n\n    accuracy                           0.87     43808\n   macro avg       0.87      0.87      0.87     43808\nweighted avg       0.87      0.87      0.87     43808\n", "confusion_matrix": [[19047, 2867], [2974, 18920]], "roc_auc": 0.9380634996605438, "f1 score": 0.8662805338705616, "precision_score": 0.8684077660990499, "recall_score": 0.8641636978167534}